Ticker,Company Name,CIK,Sector,Industry
LIN,LINDE PLC,0001707925,Basic Materials,Specialty Chemicals
BHP,BHP Group Ltd,0000811809,Basic Materials,Other Industrial Metals & Mining
RTNTF,RIO TINTO LTD,0000887028,Basic Materials,Other Industrial Metals & Mining
RIO,RIO TINTO PLC,0000863064,Basic Materials,Other Industrial Metals & Mining
SHW,SHERWIN WILLIAMS CO,0000089800,Basic Materials,Specialty Chemicals
SHECY,"Shin-Etsu Chemical Co., Ltd.",0001442651,Basic Materials,Chemicals
SCCO,SOUTHERN COPPER CORP/,0001001838,Basic Materials,Copper
GLNCY,Glencore plc/ADR,0001524684,Basic Materials,Other Industrial Metals & Mining
ECL,ECOLAB INC.,0000031462,Basic Materials,Specialty Chemicals
VALE,Vale S.A.,0000917851,Basic Materials,Other Industrial Metals & Mining
FCX,FREEPORT-MCMORAN INC,0000831259,Basic Materials,Copper
CRH,CRH PUBLIC LTD CO,0000849395,Basic Materials,Building Materials
CTA-PA,"EIDP, Inc.",0000030554,Basic Materials,Agricultural Inputs
APD,"Air Products & Chemicals, Inc.",0000002969,Basic Materials,Specialty Chemicals
NUE,NUCOR CORP,0000073309,Basic Materials,Steel
NEM,NEWMONT Corp /DE/,0001164727,Basic Materials,Gold
DOW,DOW INC.,0001751788,Basic Materials,Chemicals
CTVA,"Corteva, Inc.",0001755672,Basic Materials,Agricultural Inputs
PTCAY,PT Chandra Asri Petrochemical Tbk/ADR,0001547873,Basic Materials,Specialty Chemicals
PPG,PPG INDUSTRIES INC,0000079879,Basic Materials,Specialty Chemicals
MLM,MARTIN MARIETTA MATERIALS INC,0000916076,Basic Materials,Building Materials
VMC,Vulcan Materials CO,0001396009,Basic Materials,Building Materials
LYB,LyondellBasell Industries N.V.,0001489393,Basic Materials,Specialty Chemicals
DD,"DuPont de Nemours, Inc.",0001666700,Basic Materials,Specialty Chemicals
GOLD,BARRICK GOLD CORP,0000756894,Basic Materials,Gold
PKX,POSCO HOLDINGS INC.,0000889132,Basic Materials,Steel
NTR,Nutrien Ltd.,0001725964,Basic Materials,Agricultural Inputs
AEM,AGNICO EAGLE MINES LTD,0000002809,Basic Materials,Gold
MT,ArcelorMittal,0001243429,Basic Materials,Steel
FNV,FRANCO NEVADA Corp,0001456346,Basic Materials,Gold
WPM,Wheaton Precious Metals Corp.,0001323404,Basic Materials,Gold
IFF,INTERNATIONAL FLAVORS & FRAGRANCES INC,0000051253,Basic Materials,Specialty Chemicals
STLD,STEEL DYNAMICS INC,0001022671,Basic Materials,Steel
TECK,TECK RESOURCES LTD,0000886986,Basic Materials,Other Industrial Metals & Mining
WLK,WESTLAKE CORP,0001262823,Basic Materials,Specialty Chemicals
RS,RELIANCE STEEL & ALUMINUM CO,0000861884,Basic Materials,Steel
HDELY,HeidelbergCement AG,0001400691,Basic Materials,Building Materials
JHX,James Hardie Industries plc,0001159152,Basic Materials,Building Materials
CE,Celanese Corp,0001306830,Basic Materials,Chemicals
AVTR,"Avantor, Inc.",0001722482,Basic Materials,Specialty Chemicals
CF,"CF Industries Holdings, Inc.",0001324404,Basic Materials,Agricultural Inputs
SUZ,Suzano S.A.,0000909327,Basic Materials,Paper & Paper Products
RPM,RPM INTERNATIONAL INC/DE/,0000110621,Basic Materials,Specialty Chemicals
ALB,ALBEMARLE CORP,0000915913,Basic Materials,Specialty Chemicals
GFI,GOLD FIELDS LTD,0001172724,Basic Materials,Gold
SQM,CHEMICAL & MINING CO OF CHILE INC,0000909037,Basic Materials,Specialty Chemicals
CX,CEMEX SAB DE CV,0001076378,Basic Materials,Building Materials
X,UNITED STATES STEEL CORP,0001163302,Basic Materials,Steel
MOS,MOSAIC CO,0001285785,Basic Materials,Agricultural Inputs
CLF,CLEVELAND-CLIFFS INC.,0000764065,Basic Materials,Steel
EMN,EASTMAN CHEMICAL CO,0000915389,Basic Materials,Specialty Chemicals
EXP,EAGLE MATERIALS INC,0000918646,Basic Materials,Building Materials
SSD,"Simpson Manufacturing Co., Inc.",0000920371,Basic Materials,Lumber & Wood Production
MTLHY,Mitsubishi Chemical Holdings Corp,0001446418,Basic Materials,Specialty Chemicals
GGB,GERDAU S.A.,0001073404,Basic Materials,Steel
AU,AngloGold Ashanti PLC,0001973832,Basic Materials,Gold
TX,Ternium S.A.,0001342874,Basic Materials,Steel
BDNNY,Boliden AB,0001446457,Basic Materials,Other Industrial Metals & Mining
RGLD,ROYAL GOLD INC,0000085535,Basic Materials,Gold
UFPI,UFP INDUSTRIES INC,0000912767,Basic Materials,Lumber & Wood Production
AXTA,Axalta Coating Systems Ltd.,0001616862,Basic Materials,Specialty Chemicals
SUM,"Summit Materials, Inc.",0001621563,Basic Materials,Building Materials
KGC,KINROSS GOLD CORP,0000701818,Basic Materials,Gold
FMC,FMC CORP,0000037785,Basic Materials,Agricultural Inputs
WFG,"WEST FRASER TIMBER CO., LTD",0001402388,Basic Materials,Lumber & Wood Production
BZZUY,BUZZI UNICEM S.p.A.,0001437774,Basic Materials,Building Materials
CMC,COMMERCIAL METALS Co,0000022444,Basic Materials,Steel
OLN,OLIN Corp,0000074303,Basic Materials,Specialty Chemicals
ICL,ICL Group Ltd.,0000941221,Basic Materials,Agricultural Inputs
FUPBY,Fuchs Petrolub SE/ADR,0001534043,Basic Materials,Specialty Chemicals
NEU,NEWMARKET CORP,0001282637,Basic Materials,Specialty Chemicals
JSCPY,JSR Corp.,0001449005,Basic Materials,Specialty Chemicals
ESI,Element Solutions Inc,0001590714,Basic Materials,Specialty Chemicals
BCC,BOISE CASCADE Co,0001328581,Basic Materials,Building Materials
PUTKY,PT United Tractors Tbk / ADR,0001455955,Basic Materials,Other Industrial Metals & Mining
SSL,SASOL LTD,0000314590,Basic Materials,Specialty Chemicals
ALTM,Arcadium Lithium plc,0001977303,Basic Materials,Specialty Chemicals
AA,Alcoa Corp,0001675149,Basic Materials,Aluminum
AMR,"Alpha Metallurgical Resources, Inc.",0001704715,Basic Materials,Coking Coal
SIM,"GRUPO SIMEC, S.A.B. de C.V.",0000887153,Basic Materials,Steel
PAAS,PAN AMERICAN SILVER CORP,0000771992,Basic Materials,Gold
AGI,ALAMOS GOLD INC,0001178819,Basic Materials,Gold
SID,NATIONAL STEEL CO,0001049659,Basic Materials,Steel
BCPC,BALCHEM CORP,0000009326,Basic Materials,Specialty Chemicals
ASH,ASHLAND INC.,0001674862,Basic Materials,Specialty Chemicals
CC,Chemours Co,0001627223,Basic Materials,Specialty Chemicals
CBT,CABOT CORP,0000016040,Basic Materials,Specialty Chemicals
HUN,Huntsman CORP,0001307954,Basic Materials,Chemicals
FUL,FULLER H B CO,0000039368,Basic Materials,Specialty Chemicals
BVN,BUENAVENTURA MINING CO INC,0001013131,Basic Materials,Other Precious Metals & Mining
KNF,Knife River Corp,0001955520,Basic Materials,Building Materials
HMY,HARMONY GOLD MINING CO LTD,0001023514,Basic Materials,Gold
SHWDY,Showa Denko K.K./ADR,0001446694,Basic Materials,Chemicals
WDFC,WD 40 CO,0000105132,Basic Materials,Specialty Chemicals
BTG,B2GOLD CORP,0001429937,Basic Materials,Gold
KWR,QUAKER CHEMICAL CORP,0000081362,Basic Materials,Specialty Chemicals
AVNT,AVIENT CORP,0001122976,Basic Materials,Specialty Chemicals
SMG,SCOTTS MIRACLE-GRO CO,0000825542,Basic Materials,Agricultural Inputs
SBSW,Sibanye Stillwater Ltd,0001786909,Basic Materials,Gold
BBMPY,BBMG Corporation/ADR,0001553920,Basic Materials,Building Materials
HCC,"WARRIOR MET COAL, INC.",0001691303,Basic Materials,Coking Coal
ARCH,"ARCH RESOURCES, INC.",0001037676,Basic Materials,Coking Coal
MEOH,METHANEX CORP,0000886977,Basic Materials,Chemicals
MP,MP Materials Corp. / DE,0001801368,Basic Materials,Other Industrial Metals & Mining
IOSP,INNOSPEC INC.,0001054905,Basic Materials,Specialty Chemicals
BAK,BRASKEM SA,0001071438,Basic Materials,Chemicals
KOZAY,Koza Altin Isletmeleri A.S./ADR,0001532173,Basic Materials,Gold
CSTM,CONSTELLIUM SE,0001563411,Basic Materials,Aluminum
OR,Osisko Gold Royalties LTD,0001627272,Basic Materials,Gold
SLVYY,SOLVAY S A /ADR/,0000930826,Basic Materials,Chemicals
SXT,SENSIENT TECHNOLOGIES CORP,0000310142,Basic Materials,Specialty Chemicals
TFPM,Triple Flag Precious Metals Corp.,0001829726,Basic Materials,Other Precious Metals & Mining
MTRN,MATERION Corp,0001104657,Basic Materials,Other Industrial Metals & Mining
EGO,ELDORADO GOLD CORP /FI,0000918608,Basic Materials,Gold
TGLS,Tecnoglass Inc.,0001534675,Basic Materials,Building Materials
MTX,MINERALS TECHNOLOGIES INC,0000891014,Basic Materials,Specialty Chemicals
HL,HECLA MINING CO/DE/,0000719413,Basic Materials,Other Precious Metals & Mining
TROX,Tronox Holdings plc,0001530804,Basic Materials,Chemicals
SCL,STEPAN CO,0000094049,Basic Materials,Specialty Chemicals
SLVM,Sylvamo Corp,0001856485,Basic Materials,Paper & Paper Products
SSRM,SSR MINING INC.,0000921638,Basic Materials,Gold
OUTKY,OUTOKUMPU OY /FI,0000920822,Basic Materials,Steel
HBM,Hudbay Minerals Inc.,0001322422,Basic Materials,Copper
WS,"Worthington Steel, Inc.",0001968487,Basic Materials,Steel
NGVT,Ingevity Corp,0001653477,Basic Materials,Specialty Chemicals
ERO,Ero Copper Corp.,0001853860,Basic Materials,Copper
SGML,Sigma Lithium Corp,0001848309,Basic Materials,Other Industrial Metals & Mining
GPRE,Green Plains Inc.,0001309402,Basic Materials,Chemicals
PDO,PIMCO Dynamic Income Opportunities Fund,0001798618,Basic Materials,Independent Oil & Gas
USLM,UNITED STATES LIME & MINERALS INC,0000082020,Basic Materials,Building Materials
EQX,Equinox Gold Corp.,0001756607,Basic Materials,Gold
OEC,Orion S.A.,0001609804,Basic Materials,Specialty Chemicals
AG,FIRST MAJESTIC SILVER CORP,0001308648,Basic Materials,Silver
SAND,SANDSTORM GOLD LTD,0001434614,Basic Materials,Gold
HWKN,HAWKINS INC,0000046250,Basic Materials,Specialty Chemicals
IAG,IAMGOLD CORP,0001203464,Basic Materials,Gold
LOMA,Loma Negra Compania Industrial Argentina Sociedad Anonima,0001711375,Basic Materials,Building Materials
CARCY,China Resources Cement Holdings Limited/ADR/,0001484515,Basic Materials,Building Materials
ORLA,Orla Mining Ltd.,0001680056,Basic Materials,Gold
CGAU,Centerra Gold Inc.,0001854640,Basic Materials,Gold
ECVT,Ecovyst Inc.,0001708035,Basic Materials,Specialty Chemicals
KOP,Koppers Holdings Inc.,0001315257,Basic Materials,Specialty Chemicals
KALU,KAISER ALUMINUM CORP,0000811596,Basic Materials,Aluminum
CDE,"Coeur Mining, Inc.",0000215466,Basic Materials,Gold
KRO,KRONOS WORLDWIDE INC,0001257640,Basic Materials,Specialty Chemicals
IE,Ivanhoe Electric Inc.,0001879016,Basic Materials,Copper
CENX,CENTURY ALUMINUM CO,0000949157,Basic Materials,Aluminum
GSM,Ferroglobe PLC,0001639877,Basic Materials,Other Industrial Metals & Mining
LVRO,Lavoro Ltd,0001945711,Basic Materials,Agricultural Inputs
SXC,"SunCoke Energy, Inc.",0001514705,Basic Materials,Coking Coal
NEXA,Nexa Resources S.A.,0001713930,Basic Materials,Other Industrial Metals & Mining
FSM,FORTUNA SILVER MINES INC,0001341335,Basic Materials,Gold
MAG,MAG SILVER CORP,0001230992,Basic Materials,Silver
WTTR,"Select Water Solutions, Inc.",0001693256,Basic Materials,Specialty Chemicals
TMST,TimkenSteel Corp,0001598428,Basic Materials,Steel
CMP,COMPASS MINERALS INTERNATIONAL INC,0001227654,Basic Materials,Other Industrial Metals & Mining
NGD,New Gold Inc. /FI,0000800166,Basic Materials,Gold
SA,SEABRIDGE GOLD INC,0001231346,Basic Materials,Gold
METC,"Ramaco Resources, Inc.",0001687187,Basic Materials,Coking Coal
ASTL,Algoma Steel Group Inc.,0001860805,Basic Materials,Steel
SILV,SilverCrest Metals Inc.,0001659520,Basic Materials,Other Precious Metals & Mining
NG,NOVAGOLD RESOURCES INC,0001173420,Basic Materials,Gold
BIOX,Bioceres Crop Solutions Corp.,0001769484,Basic Materials,Agricultural Inputs
WLKP,Westlake Chemical Partners LP,0001604665,Basic Materials,Chemicals
PRM,"Perimeter Solutions, SA",0001880319,Basic Materials,Specialty Chemicals
UAN,"CVR PARTNERS, LP",0001425292,Basic Materials,Agricultural Inputs
ZEUS,OLYMPIC STEEL INC,0000917470,Basic Materials,Steel
REX,REX AMERICAN RESOURCES Corp,0000744187,Basic Materials,Chemicals
ASIX,AdvanSix Inc.,0001673985,Basic Materials,Chemicals
RDUS,"RADIUS RECYCLING, INC.",0000912603,Basic Materials,Steel
LAC,LITHIUM AMERICAS CORP.,0001966983,Basic Materials,Other Industrial Metals & Mining
LAAC,Lithium Americas (Argentina) Corp.,0001440972,Basic Materials,Other Industrial Metals & Mining
DRD,DRDGOLD LTD,0001023512,Basic Materials,Gold
MTAL,Metals Acquisition Ltd,0001950246,Basic Materials,Copper
MATV,"Mativ Holdings, Inc.",0001000623,Basic Materials,Specialty Chemicals
NFGC,New Found Gold Corp.,0001840616,Basic Materials,Gold
HDSN,HUDSON TECHNOLOGIES INC /NY,0000925528,Basic Materials,Specialty Chemicals
LXU,"LSB INDUSTRIES, INC.",0000060714,Basic Materials,Chemicals
CLW,Clearwater Paper Corp,0001441236,Basic Materials,Paper & Paper Products
LWLG,"Lightwave Logic, Inc.",0001325964,Basic Materials,Specialty Chemicals
MERC,MERCER INTERNATIONAL INC.,0001333274,Basic Materials,Paper & Paper Products
RUPRF,RUPERT RESOURCES LTD,0001010000,Basic Materials,Gold
ODC,Oil-Dri Corp of America,0000074046,Basic Materials,Specialty Chemicals
LZM,Lifezone Metals Ltd,0001958217,Basic Materials,Other Industrial Metals & Mining
GATO,"Gatos Silver, Inc.",0001517006,Basic Materials,Other Precious Metals & Mining
CPAC,CEMENTOS PACASMAYO SAA,0001221029,Basic Materials,Building Materials
ARMN,Aris Mining Corp,0001964504,Basic Materials,Gold
SVM,SILVERCORP METALS INC,0001340677,Basic Materials,Silver
TMC,TMC the metals Co Inc.,0001798562,Basic Materials,Other Industrial Metals & Mining
IAUX,i-80 Gold Corp.,0001853962,Basic Materials,Gold
TGB,TASEKO MINES LTD,0000878518,Basic Materials,Copper
SKE,Skeena Resources Ltd,0001713748,Basic Materials,Other Industrial Metals & Mining
VHI,VALHI INC /DE/,0000059255,Basic Materials,Chemicals
MUX,McEwen Mining Inc.,0000314203,Basic Materials,Other Precious Metals & Mining
GDRZF,GOLD RESERVE INC,0001072725,Basic Materials,Gold
EXK,ENDEAVOUR SILVER CORP,0001277866,Basic Materials,Other Precious Metals & Mining
RYAM,RAYONIER ADVANCED MATERIALS INC.,0001597672,Basic Materials,Chemicals
AVD,AMERICAN VANGUARD CORP,0000005981,Basic Materials,Agricultural Inputs
ANVI,"ANVI GLOBAL HOLDINGS, INC.",0001570132,Basic Materials,Other Industrial Metals & Mining
VZLA,Vizsla Silver Corp.,0001796073,Basic Materials,Other Industrial Metals & Mining
PLL,Piedmont Lithium Inc.,0001728205,Basic Materials,Other Industrial Metals & Mining
IPX,IPERIONX Ltd,0001898601,Basic Materials,Other Industrial Metals & Mining
SLI,STANDARD LITHIUM LTD.,0001537137,Basic Materials,Other Industrial Metals & Mining
FF,FutureFuel Corp.,0001337298,Basic Materials,Specialty Chemicals
MSB,MESABI TRUST,0000065172,Basic Materials,Steel
SMID,SMITH MIDLAND CORP,0000924719,Basic Materials,Building Materials
IPI,"Intrepid Potash, Inc.",0001421461,Basic Materials,Agricultural Inputs
MTA,Metalla Royalty & Streaming Ltd.,0001722606,Basic Materials,Other Precious Metals & Mining
RBTK,ZHEN DING RESOURCES INC.,0001594204,Basic Materials,Gold
GEVO,"Gevo, Inc.",0001392380,Basic Materials,Specialty Chemicals
TSE,Trinseo PLC,0001519061,Basic Materials,Specialty Chemicals
ATLX,Atlas Lithium Corp,0001540684,Basic Materials,Other Precious Metals & Mining
ODV,Osisko Development Corp.,0001431852,Basic Materials,Gold
NEWP,NEW PACIFIC METALS CORP,0001369085,Basic Materials,Other Precious Metals & Mining
GAU,Galiano Gold Inc.,0001377757,Basic Materials,Gold
CMCL,Caledonia Mining Corp Plc,0000766011,Basic Materials,Gold
GROY,Gold Royalty Corp.,0001834026,Basic Materials,Gold
PNRLF,Premium Nickel Resources Ltd.,0000795800,Basic Materials,Other Industrial Metals & Mining
DC,Dakota Gold Corp.,0001852353,Basic Materials,Gold
USAP,UNIVERSAL STAINLESS & ALLOY PRODUCTS INC,0000931584,Basic Materials,Steel
PPTA,PERPETUA RESOURCES CORP.,0001526243,Basic Materials,Other Precious Metals & Mining
WRN,Western Copper & Gold Corp,0001364125,Basic Materials,Other Industrial Metals & Mining
IONR,ioneer Ltd,0001896084,Basic Materials,Other Industrial Metals & Mining
EMX,EMX Royalty Corp,0001285786,Basic Materials,Other Industrial Metals & Mining
GLDG,GoldMining Inc.,0001538847,Basic Materials,Gold
LOOP,"Loop Industries, Inc.",0001504678,Basic Materials,Specialty Chemicals
AMLI,American Lithium Corp.,0001699880,Basic Materials,Other Industrial Metals & Mining
CTGO,"Contango ORE, Inc.",0001502377,Basic Materials,Gold
NWGL,Nature Wood Group Ltd,0001948294,Basic Materials,Lumber & Wood Production
ASPI,ASP Isotopes Inc.,0001921865,Basic Materials,Chemicals
CMT,CORE MOLDING TECHNOLOGIES INC,0001026655,Basic Materials,Specialty Chemicals
VRDR,"VERDE RESOURCES, INC.",0001506929,Basic Materials,Agricultural Inputs
ALTO,"Alto Ingredients, Inc.",0000778164,Basic Materials,Specialty Chemicals
NAK,NORTHERN DYNASTY MINERALS LTD,0001164771,Basic Materials,Other Industrial Metals & Mining
NMG,Nouveau Monde Graphite Inc.,0001649752,Basic Materials,Other Industrial Metals & Mining
NTIC,NORTHERN TECHNOLOGIES INTERNATIONAL CORP,0000875582,Basic Materials,Specialty Chemicals
LGO,Largo Inc.,0001400438,Basic Materials,Other Industrial Metals & Mining
FRD,FRIEDMAN INDUSTRIES INC,0000039092,Basic Materials,Steel
ABAT,AMERICAN BATTERY TECHNOLOGY Co,0001576873,Basic Materials,Other Industrial Metals & Mining
FTCO,Fortitude Gold Corp,0001828377,Basic Materials,Gold
THM,INTERNATIONAL TOWER HILL MINES LTD,0001134115,Basic Materials,Gold
GLT,Glatfelter Corp,0000041719,Basic Materials,Paper & Paper Products
PLG,PLATINUM GROUP METALS LTD,0001095052,Basic Materials,Other Precious Metals & Mining
AREC,American Resources Corp,0001590715,Basic Materials,Coking Coal
YCQH,YCQH Agricultural Technology Co. Ltd,0001794276,Basic Materials,Agricultural Inputs
NB,NIOCORP DEVELOPMENTS LTD,0001512228,Basic Materials,Other Industrial Metals & Mining
ACNT,ASCENT INDUSTRIES CO.,0000095953,Basic Materials,Steel
LOMLF,Lion One Metals Ltd.,0001509397,Basic Materials,Gold
TRX,TRX GOLD Corp,0001173643,Basic Materials,Gold
NGLD,Nevada Canyon Gold Corp.,0001605481,Basic Materials,Gold
ACRG,"American Clean Resources Group, Inc.",0000773717,Basic Materials,Other Precious Metals & Mining
VOXR,VOX ROYALTY CORP.,0001907909,Basic Materials,Other Precious Metals & Mining
FEAM,"5E Advanced Materials, Inc.",0001888654,Basic Materials,Specialty Chemicals
FFMGF,First Mining Gold Corp.,0001641229,Basic Materials,Gold
IDR,"Idaho Strategic Resources, Inc.",0001030192,Basic Materials,Gold
TMQ,Trilogy Metals Inc.,0001543418,Basic Materials,Other Industrial Metals & Mining
GEVI,"General Enterprise Ventures, Inc.",0000894556,Basic Materials,Specialty Chemicals
ERDCF,Erdene Resource Development Corp,0001398972,Basic Materials,Other Industrial Metals & Mining
DNMR,"Danimer Scientific, Inc.",0001779020,Basic Materials,Specialty Chemicals
USGO,U.S. GoldMining Inc.,0001947244,Basic Materials,Other Industrial Metals & Mining
ORGN,"Origin Materials, Inc.",0001802457,Basic Materials,Chemicals
STCB,"Starco Brands, Inc.",0001539850,Basic Materials,Specialty Chemicals
BLGO,"BIOLARGO, INC.",0000880242,Basic Materials,Chemicals
ORRCF,OROCO RESOURCE CORP,0001390352,Basic Materials,Other Industrial Metals & Mining
WMLLF,Wealth Minerals Ltd.,0001077640,Basic Materials,Other Industrial Metals & Mining
ASM,AVINO SILVER & GOLD MINES LTD,0000316888,Basic Materials,Other Precious Metals & Mining
ITRG,Integra Resources Corp.,0001722387,Basic Materials,Other Precious Metals & Mining
REEMF,RARE ELEMENT RESOURCES LTD,0001419806,Basic Materials,Other Industrial Metals & Mining
HUDI,"Huadi International Group Co., Ltd.",0001791725,Basic Materials,Steel
FURY,FURY GOLD MINES LTD,0001514597,Basic Materials,Other Industrial Metals & Mining
KBLB,"Kraig Biocraft Laboratories, Inc",0001413119,Basic Materials,Specialty Chemicals
SPAZF,SPANISH MOUNTAIN GOLD LTD.,0001337090,Basic Materials,Gold
MULG,"MULIANG VIAGOO TECHNOLOGY, INC.",0001629665,Basic Materials,Agricultural Inputs
GSVRF,GUANAJUATO SILVER CO LTD,0000865400,Basic Materials,Silver
USAS,Americas Gold & Silver Corp,0001286973,Basic Materials,Other Industrial Metals & Mining
AIRRF,Aurion Resources Ltd.,0001476573,Basic Materials,Gold
VGZ,VISTA GOLD CORP,0000783324,Basic Materials,Gold
AUGG,AUGUSTA GOLD CORP.,0001448597,Basic Materials,Gold
XPL,SOLITARIO RESOURCES CORP.,0000917225,Basic Materials,Other Industrial Metals & Mining
RMRI,"Rocky Mountain Industrials, Inc.",0001556179,Basic Materials,Other Industrial Metals & Mining
UURAF,Ucore Rare Metals Inc.,0001495651,Basic Materials,Other Industrial Metals & Mining
EVA,Enviva Inc.,0001592057,Basic Materials,Lumber & Wood Production
HYMC,HYCROFT MINING HOLDING CORP,0001718405,Basic Materials,Gold
DYNR,DYNARESOURCE INC,0001111741,Basic Materials,Other Precious Metals & Mining
BHIL,"Benson Hill, Inc.",0001830210,Basic Materials,Agricultural Inputs
LONCF,Loncor Gold Inc.,0001472619,Basic Materials,Gold
NNUP,NOCOPI TECHNOLOGIES INC/MD/,0000888981,Basic Materials,Specialty Chemicals
XTGRF,XTRA-GOLD RESOURCES CORP,0001288770,Basic Materials,Gold
GLGI,"GREYSTONE LOGISTICS, INC.",0001088413,Basic Materials,Specialty Chemicals
RNGE,"RANGE IMPACT, INC.",0001438943,Basic Materials,Other Industrial Metals & Mining
BIOF,"BLUE BIOFUELS, INC.",0001549145,Basic Materials,Specialty Chemicals
USAU,U.S. GOLD CORP.,0000027093,Basic Materials,Gold
SVRSF,GOLDEN TAG RESOURCES LTD.,0001682056,Basic Materials,Silver
CGA,"China Green Agriculture, Inc.",0000857949,Basic Materials,Agricultural Inputs
SMDRF,SIERRA MADRE GOLD & SILVER LTD.,0001939801,Basic Materials,Other Precious Metals & Mining
ELBM,Electra Battery Materials Corp,0001907184,Basic Materials,Other Industrial Metals & Mining
EQTRF,Altamira Gold Corp.,0001635729,Basic Materials,Gold
LISMF,LITHIUM SOUTH DEVELOPMENT Corp,0001643715,Basic Materials,Other Industrial Metals & Mining
TMRC,Texas Mineral Resources Corp.,0001445942,Basic Materials,Other Industrial Metals & Mining
WWR,"WESTWATER RESOURCES, INC.",0000839470,Basic Materials,Other Industrial Metals & Mining
AGXPF,SILVER X MINING CORP.,0001482436,Basic Materials,Other Industrial Metals & Mining
LILIF,Argentina Lithium & Energy Corp.,0001689448,Basic Materials,Other Industrial Metals & Mining
BYU,"BAIYU Holdings, Inc.",0001556266,Basic Materials,Other Industrial Metals & Mining
PAANF,Pan American Energy Corp. (Canada),0001953588,Basic Materials,Other Industrial Metals & Mining
LBSR,LIBERTY STAR URANIUM & METALS CORP.,0001172178,Basic Materials,Other Industrial Metals & Mining
COPR,Idaho Copper Corp,0001263364,Basic Materials,Copper
NANX,NANOPHASE TECHNOLOGIES Corp,0000883107,Basic Materials,Specialty Chemicals
INHD,INNO HOLDINGS INC.,0001961847,Basic Materials,Steel
UAMY,UNITED STATES ANTIMONY CORP,0000101538,Basic Materials,Other Industrial Metals & Mining
FSI,FLEXIBLE SOLUTIONS INTERNATIONAL INC,0001069394,Basic Materials,Specialty Chemicals
BHLL,Bunker Hill Mining Corp.,0001407583,Basic Materials,Silver
GRFX,Graphex Group Ltd,0001816723,Basic Materials,Other Industrial Metals & Mining
PUBC,PureBase Corp,0001575858,Basic Materials,Agricultural Inputs
CRCUF,Canagold Resources Ltd.,0000868822,Basic Materials,Gold
GORO,GOLD RESOURCE CORP,0001160791,Basic Materials,Gold
HLP,Hongli Group Inc.,0001855557,Basic Materials,Steel
ZKIN,"ZK International Group Co., Ltd.",0001687451,Basic Materials,Steel
PZG,Paramount Gold Nevada Corp.,0001629210,Basic Materials,Gold
JCTCF,JEWETT CAMERON TRADING CO LTD,0000885307,Basic Materials,Lumber & Wood Production
AAU,ALMADEN MINERALS LTD,0001015647,Basic Materials,Gold
LCGMF,LION COPPER & GOLD CORP.,0001339688,Basic Materials,Other Industrial Metals & Mining
TETOF,Tectonic Metals Inc.,0001783432,Basic Materials,Gold
TRBMF,TORQ RESOURCES INC.,0001406944,Basic Materials,Other Industrial Metals & Mining
AXREF,AMARC RESOURCES LTD,0001175596,Basic Materials,Other Industrial Metals & Mining
LITM,Snow Lake Resources Ltd.,0001769697,Basic Materials,Other Industrial Metals & Mining
GSHRF,GOLDSHORE RESOURCES INC.,0001961592,Basic Materials,Gold
HGAS,Global Gas Corp,0001817232,Basic Materials,Specialty Chemicals
GFGSF,GFG Resources Inc.,0001684888,Basic Materials,Gold
JGLDF,Japan Gold Corp.,0001686000,Basic Materials,Gold
AUCUF,Inflection Resources Ltd.,0001813191,Basic Materials,Other Precious Metals & Mining
HANNF,Hannan Metals Ltd.,0001123267,Basic Materials,Other Industrial Metals & Mining
RETO,"ReTo Eco-Solutions, Inc.",0001687277,Basic Materials,Building Materials
RSMXF,Regency Silver Corp.,0001858994,Basic Materials,Silver
MXROF,MAX RESOURCE CORP.,0001116548,Basic Materials,Other Precious Metals & Mining
GURE,"GULF RESOURCES, INC.",0000885462,Basic Materials,Chemicals
FMST,Foremost Lithium Resource & Technology Ltd.,0001935418,Basic Materials,Chemicals
GXSFF,Goldsource Mines Inc.,0001299865,Basic Materials,Gold
SEED,Origin Agritech LTD,0001321851,Basic Materials,Agricultural Inputs
FEMFF,FE Battery Metals Corp.,0001066130,Basic Materials,Other Industrial Metals & Mining
NRHI,"Natural Resource Holdings, Inc.",0001680689,Basic Materials,Other Industrial Metals & Mining
AUST,Austin Gold Corp.,0001817740,Basic Materials,Gold
BLTH,"AMERICAN BATTERY MATERIALS, INC.",0001487718,Basic Materials,Other Industrial Metals & Mining
ARRKF,ARRAS MINERALS CORP.,0001855743,Basic Materials,Other Precious Metals & Mining
EQMEF,Equity Metals Corp,0001792554,Basic Materials,Other Precious Metals & Mining
SRLZF,Salazar Resources Ltd,0000861972,Basic Materials,Other Industrial Metals & Mining
VAUCF,Viva Gold Corp.,0001723047,Basic Materials,Gold
NMEX,NORTHERN MINERALS & EXPLORATION LTD.,0001415744,Basic Materials,Other Precious Metals & Mining
TIGCF,Triumph Gold Corp.,0001387473,Basic Materials,Other Industrial Metals & Mining
GESI,"General European Strategic Investments, Inc.",0001955083,Basic Materials,Other Industrial Metals & Mining
FUST,FUSE GROUP HOLDING INC.,0001636051,Basic Materials,Other Industrial Metals & Mining
NMREF,Namibia Critical Metals Inc.,0001519457,Basic Materials,Other Industrial Metals & Mining
TLRS,Timberline Resources Corp,0001288750,Basic Materials,Gold
BGLC,BioNexus Gene Lab Corp,0001737523,Basic Materials,Specialty Chemicals
EVGDF,ELEVATION GOLD MINING Corp,0001518353,Basic Materials,Gold
QZMRF,QUARTZ MOUNTAIN RESOURCES LTD,0000811522,Basic Materials,Other Industrial Metals & Mining
NMGX,Nano Magic Inc.,0000891417,Basic Materials,Specialty Chemicals
RYES,Rise Gold Corp.,0001424864,Basic Materials,Gold
AUMN,Golden Minerals Co,0001011509,Basic Materials,Other Precious Metals & Mining
PBMLF,Pacific Booker Minerals Inc.,0001319150,Basic Materials,Other Industrial Metals & Mining
PGOL,PATRIOT GOLD CORP,0001080448,Basic Materials,Gold
JUPGF,Jupiter Gold Corp,0001684688,Basic Materials,Gold
CNEY,CN ENERGY GROUP. INC.,0001780785,Basic Materials,Specialty Chemicals
GARWF,Golden Arrow Resources Corp,0001403870,Basic Materials,Other Industrial Metals & Mining
SVBL,"SILVER BULL RESOURCES, INC.",0001031093,Basic Materials,Other Industrial Metals & Mining
SCYYF,SCANDIUM INTERNATIONAL MINING CORP.,0001408146,Basic Materials,Other Industrial Metals & Mining
AHNR,ATHENA GOLD CORP,0001304409,Basic Materials,Other Precious Metals & Mining
CXXMF,CMX GOLD & SILVER CORP.,0001652452,Basic Materials,Other Industrial Metals & Mining
NULGF,NuLegacy Gold Corp,0001502758,Basic Materials,Gold
SILS,SILVER SCOTT MINES INC,0000090391,Basic Materials,Other Precious Metals & Mining
SVFD,"Save Foods, Inc.",0001789192,Basic Materials,Agricultural Inputs
LTUM,Lithium Corp,0001415332,Basic Materials,Other Industrial Metals & Mining
CGOLF,Contact Gold Corp.,0001759352,Basic Materials,Gold
NVSGF,Nevada Sunrise Metals Corp.,0001415758,Basic Materials,Other Industrial Metals & Mining
BASA,"BASANITE, INC.",0001448705,Basic Materials,Building Materials
BMXI,BROOKMOUNT EXPLORATIONS INC,0001122993,Basic Materials,Gold
BATXF,Straightup Resources Inc,0001883898,Basic Materials,Other Industrial Metals & Mining
BKTPF,CRUZ BATTERY METALS CORP.,0001677522,Basic Materials,Other Industrial Metals & Mining
CRKN,Crown Electrokinetics Corp.,0001761696,Basic Materials,Specialty Chemicals
FMNJ,"Franklin Mining, Inc.",0001304077,Basic Materials,Other Precious Metals & Mining
TARSF,Silver North Resources Ltd.,0001409036,Basic Materials,Other Precious Metals & Mining
PMCOF,Prospector Metals Corp.,0001482753,Basic Materials,Gold
YTEN,"YIELD10 BIOSCIENCE, INC.",0001121702,Basic Materials,Agricultural Inputs
BGAVF,Bravada Gold Corp,0001500620,Basic Materials,Other Industrial Metals & Mining
GRMC,GOLDRICH MINING CO,0000059860,Basic Materials,Gold
KNGRF,Kingsmen Resources Ltd.,0001191832,Basic Materials,Other Industrial Metals & Mining
CBNT,"C-Bond Systems, Inc",0001421636,Basic Materials,Specialty Chemicals
ZPHYF,ZEPHYR MINERALS LTD.,0001613979,Basic Materials,Gold
THMG,THUNDER MOUNTAIN GOLD INC,0000711034,Basic Materials,Other Precious Metals & Mining
ENRT,Enertopia Corp.,0001346022,Basic Materials,Other Industrial Metals & Mining
MAGE,MAGELLAN GOLD Corp,0001515317,Basic Materials,Other Precious Metals & Mining
IMII,INCEPTION MINING INC.,0001416090,Basic Materials,Gold
GNTOF,GENTOR RESOURCES INC.,0001346917,Basic Materials,Other Industrial Metals & Mining
ITP,"IT TECH PACKAGING, INC.",0001358190,Basic Materials,Paper & Paper Products
ABCFF,ABACUS MINING & EXPLORATION CORP,0001284237,Basic Materials,Other Industrial Metals & Mining
COWI,"CarbonMeta Technologies, Inc.",0001156784,Basic Materials,Specialty Chemicals
ATAO,ALTAIR INTERNATIONAL CORP.,0001570937,Basic Materials,Other Industrial Metals & Mining
STAL,Star Alliance International Corp.,0001614556,Basic Materials,Gold
WOLV,Wolverine Resources Corp.,0001424404,Basic Materials,Other Industrial Metals & Mining
NVDEF,NEVADA EXPLORATION INC,0001398713,Basic Materials,Gold
SRGZ,Star Gold Corp.,0001401835,Basic Materials,Other Precious Metals & Mining
ORMNF,OREX MINERALS INC,0001458057,Basic Materials,Other Industrial Metals & Mining
EGMCF,EMERGENT METALS CORP.,0001199392,Basic Materials,Gold
BITTF,BITTERROOT RESOURCES LTD,0001028357,Basic Materials,Other Industrial Metals & Mining
MNGG,"Mining Global, Inc.",0001406588,Basic Materials,Gold
HHHEF,37 CAPITAL INC,0000825171,Basic Materials,Other Industrial Metals & Mining
ETCK,ENERTECK CORP,0001128353,Basic Materials,Specialty Chemicals
MEXGF,Mexican Gold Mining Corp.,0001609436,Basic Materials,Other Precious Metals & Mining
ABNAF,Aben Resources Ltd.,0000873612,Basic Materials,Gold
INUMF,Infinitum Copper Corp.,0001946335,Basic Materials,Copper
SMREF,SUN SUMMIT MINERALS CORP.,0001480313,Basic Materials,Other Industrial Metals & Mining
AVPMF,AVRUPA MINERALS LTD.,0001445467,Basic Materials,Other Industrial Metals & Mining
SNES,"SenesTech, Inc.",0001680378,Basic Materials,Specialty Chemicals
PVNNF,"PV Nano Cell, Ltd.",0001627480,Basic Materials,Specialty Chemicals
GKIN,Guskin Gold Corp.,0001509786,Basic Materials,Gold
GPLDF,GREAT PANTHER MINING Ltd,0001300050,Basic Materials,Gold
VYST,Vystar Corp,0001308027,Basic Materials,Specialty Chemicals
RMESF,"RED METAL RESOURCES, LTD.",0001358654,Basic Materials,Other Industrial Metals & Mining
MLYF,Western Magnesium Corp.,0001801762,Basic Materials,Other Industrial Metals & Mining
AMRSQ,"AMYRIS, INC.",0001365916,Basic Materials,Specialty Chemicals
GYST,"GRAYSTONE COMPANY, INC.",0001510524,Basic Materials,Other Industrial Metals & Mining
MXSG,Mexus Gold US,0001355677,Basic Materials,Other Precious Metals & Mining
SIXWF,SIXTH WAVE INNOVATIONS INC.,0001515251,Basic Materials,Specialty Chemicals
MKDTY,Molecular Data Inc.,0001758736,Basic Materials,Chemicals
AMNL,"Applied Minerals, Inc.",0000008328,Basic Materials,Other Industrial Metals & Mining
STCC,STERLING CONSOLIDATED Corp,0001555972,Basic Materials,Specialty Chemicals
CGSI,"CGS INTERNATIONAL, INC.",0001552358,Basic Materials,Agricultural Inputs
ALMMF,ALUMINUM CORP OF CHINA LTD,0001161611,Basic Materials,Aluminum
LNZNF,Lenzing AG/ADR,0001592651,Basic Materials,Chemicals
CODQL,Coronado Global Resources Inc.,0001770561,Basic Materials,Coking Coal
UBEOF,Ube Industries Ltd,0001446626,Basic Materials,Specialty Chemicals
ERLFF,Entree Resources Ltd.,0001271554,Basic Materials,Other Industrial Metals & Mining
NSRCF,NextSource Materials Inc.,0001302084,Basic Materials,Other Industrial Metals & Mining
MPVDF,Mountain Province Diamonds Inc.,0001004530,Basic Materials,Other Precious Metals & Mining
SMTSF,Sierra Metals Inc.,0001705259,Basic Materials,Other Industrial Metals & Mining
AVLNF,Avalon Advanced Materials Inc.,0001362898,Basic Materials,Other Industrial Metals & Mining
SGTM,"Sustainable Green Team, Ltd.",0001895251,Basic Materials,Lumber & Wood Production
OCGSF,Outcrop Silver & Gold Corp,0000942149,Basic Materials,Other Precious Metals & Mining
SHVLF,STARCORE INTERNATIONAL MINES LTD.,0001301713,Basic Materials,Other Industrial Metals & Mining
HGLD,Patagonia Gold Corp.,0001551206,Basic Materials,Other Precious Metals & Mining
SILEF,Silver Elephant Mining Corp.,0001545224,Basic Materials,Other Industrial Metals & Mining
RYTTF,Royalty North Partners Ltd.,0001706588,Basic Materials,Copper
JSHG,JOSHUA GOLD RESOURCES INC,0001475430,Basic Materials,Gold
EXNRF,EXCELLON RESOURCES INC,0001263011,Basic Materials,Silver
SGMD,"Sugarmade, Inc.",0000919175,Basic Materials,Paper & Paper Products
MLLOF,Medallion Resources Ltd,0001370496,Basic Materials,Other Industrial Metals & Mining
SINC,Sincerity Applied Materials Holdings Corp.,0001532595,Basic Materials,Specialty Chemicals
GIGGF,Giga Metals Corp,0001336364,Basic Materials,Other Industrial Metals & Mining
VNTRD,Venator Materials PLC,0001705682,Basic Materials,Specialty Chemicals
RLEA,Rubber Leaf Inc,0001893657,Basic Materials,Specialty Chemicals
GNVR,Genvor Inc,0001792941,Basic Materials,Agricultural Inputs
DMXCF,District Metals Corp.,0001839586,Basic Materials,Other Industrial Metals & Mining
